lvl;url;name
0;https://www.livelib.ru/genre/Бизнес-книги;Бизнес-книги;145883
1;https://www.livelib.ru/genre/Банковское-дело;Банковское дело;8681
1;https://www.livelib.ru/genre/Бухучет-налогообложение-аудит;Бухучет, налогообложение, аудит;7468
1;https://www.livelib.ru/genre/Государственное-и-муниципальное-управление;Государственное и муниципальное управление;389
1;https://www.livelib.ru/genre/Делопроизводство;Делопроизводство;5262
1;https://www.livelib.ru/genre/Зарубежная-деловая-литература;Зарубежная деловая литература;5017
1;https://www.livelib.ru/genre/Интернет-бизнес;Интернет-бизнес;2603
1;https://www.livelib.ru/genre/Кадровый-менеджмент;Кадровый менеджмент;15409
2;https://www.livelib.ru/genre/Гендерные-различия;Гендерные различия;1
2;https://www.livelib.ru/genre/Коучинг;Коучинг;671
2;https://www.livelib.ru/genre/Мотивация;Мотивация;1720
2;https://www.livelib.ru/genre/Поиск-и-подбор-персонала;Поиск и подбор персонала;2
2;https://www.livelib.ru/genre/Управление-персоналом;Управление персоналом;10774
1;https://www.livelib.ru/genre/Корпоративная-культура;Корпоративная культура;342
1;https://www.livelib.ru/genre/Личная-эффективность;Личная эффективность;871
1;https://www.livelib.ru/genre/Личные-финансы;Личные финансы;1109
1;https://www.livelib.ru/genre/Логистика;Логистика;164
1;https://www.livelib.ru/genre/Малый-бизнес;Малый бизнес;1040
1;https://www.livelib.ru/genre/Маркетинг-pr-реклама;Маркетинг, PR, реклама;12784
2;https://www.livelib.ru/genre/Pr;PR;1215
2;https://www.livelib.ru/genre/Брендинг;Брендинг;530
2;https://www.livelib.ru/genre/Интернет-маркетинг;Интернет-маркетинг;21
2;https://www.livelib.ru/genre/Исследования-и-анализ;Исследования и анализ;5
2;https://www.livelib.ru/genre/Клиентский-сервис;Клиентский сервис;2
2;https://www.livelib.ru/genre/Копирайтинг;Копирайтинг;6
2;https://www.livelib.ru/genre/Маркетинг-для-новичков;Маркетинг для новичков;1
2;https://www.livelib.ru/genre/Отношения-с-клиентами;Отношения с клиентами;248
2;https://www.livelib.ru/genre/Партизанский-маркетинг;Партизанский маркетинг;1
2;https://www.livelib.ru/genre/Привлечение-клиентов;Привлечение клиентов;1
2;https://www.livelib.ru/genre/Реклама;Реклама;618
2;https://www.livelib.ru/genre/Стратегия-маркетинга;Стратегия маркетинга;1
1;https://www.livelib.ru/genre/Менеджмент;Менеджмент;30793
2;https://www.livelib.ru/genre/Mba;MBA;247
2;https://www.livelib.ru/genre/Project-менеджмент;Project-менеджмент;2
2;https://www.livelib.ru/genre/Бизнес-процессы;Бизнес-процессы;1802
2;https://www.livelib.ru/genre/Классика-менеджмента;Классика менеджмента;5
2;https://www.livelib.ru/genre/Кризисное-управление;Кризисное управление;9
2;https://www.livelib.ru/genre/Лидерство;Лидерство;2421
2;https://www.livelib.ru/genre/Организационный-менеджмент;Организационный менеджмент;19
2;https://www.livelib.ru/genre/Стратегический-менеджмент;Стратегический менеджмент;486
2;https://www.livelib.ru/genre/Управление-бизнесом;Управление бизнесом;1860
2;https://www.livelib.ru/genre/Управление-качеством;Управление качеством;429
2;https://www.livelib.ru/genre/Финансовый-менеджмент;Финансовый менеджмент;1014
1;https://www.livelib.ru/genre/Менеджмент-и-кадры;Менеджмент и кадры;23
1;https://www.livelib.ru/genre/Недвижимость;Недвижимость;1555
1;https://www.livelib.ru/genre/О-бизнесе-популярно;О бизнесе популярно;17122
2;https://www.livelib.ru/genre/Бизнес-план;Бизнес-план;2
2;https://www.livelib.ru/genre/Бизнес-стратегии;Бизнес-стратегии;9
2;https://www.livelib.ru/genre/Инновации-в-бизнесе;Инновации в бизнесе;20
2;https://www.livelib.ru/genre/Истории-успеха;Истории успеха;1466
2;https://www.livelib.ru/genre/Креатив-идеи;Креатив, идеи;36
2;https://www.livelib.ru/genre/Привлечение-инвестиций;Привлечение инвестиций;1
2;https://www.livelib.ru/genre/Просто-о-бизнесе;Просто о бизнесе;2
2;https://www.livelib.ru/genre/Российская-практика;Российская практика;34
2;https://www.livelib.ru/genre/Советы-от-гуру;Советы от гуру;156
2;https://www.livelib.ru/genre/Эффективность-бизнеса;Эффективность бизнеса;31
1;https://www.livelib.ru/genre/Ораторское-искусство-риторика;Ораторское искусство, риторика;1374
1;https://www.livelib.ru/genre/Отраслевые-издания;Отраслевые издания;1043
1;https://www.livelib.ru/genre/Переговоры;Переговоры;370
1;https://www.livelib.ru/genre/Поиск-работы-карьера;Поиск работы, карьера;11095
1;https://www.livelib.ru/genre/Политическое-управление;Политическое управление;7
1;https://www.livelib.ru/genre/Продажи;Продажи;1488
2;https://www.livelib.ru/genre/Техника-продаж;Техника продаж;482
2;https://www.livelib.ru/genre/Управление-продажами;Управление продажами;8
2;https://www.livelib.ru/genre/Успешные-переговоры;Успешные переговоры;19
2;https://www.livelib.ru/genre/Эффективная-презентация;Эффективная презентация;13
1;https://www.livelib.ru/genre/Работа-с-клиентами;Работа с клиентами;8
1;https://www.livelib.ru/genre/Стартапы-и-создание-бизнеса;Стартапы и создание бизнеса;63
1;https://www.livelib.ru/genre/Тайм-менеджмент;Тайм-менеджмент;261
1;https://www.livelib.ru/genre/Финансы;Финансы;1449
2;https://www.livelib.ru/genre/Forex;Forex;36
2;https://www.livelib.ru/genre/Бюджетирование;Бюджетирование;308
2;https://www.livelib.ru/genre/Корпоративные-финансы;Корпоративные финансы;4
2;https://www.livelib.ru/genre/Риски;Риски;2
2;https://www.livelib.ru/genre/Технический-анализ;Технический анализ;9
2;https://www.livelib.ru/genre/Трейдинг;Трейдинг;316
2;https://www.livelib.ru/genre/Финансовые-инструменты;Финансовые инструменты;6
1;https://www.livelib.ru/genre/Ценные-бумаги-инвестиции;Ценные бумаги, инвестиции;4317
1;https://www.livelib.ru/genre/Экономика;Экономика;32613
2;https://www.livelib.ru/genre/Внешнеэкономическая-деятельность;Внешнеэкономическая деятельность;1105
2;https://www.livelib.ru/genre/История-экономики;История экономики;1217
2;https://www.livelib.ru/genre/История-экономических-учений;История экономических учений;13
2;https://www.livelib.ru/genre/Книги-по-экономике;Книги по экономике;3742
2;https://www.livelib.ru/genre/Макроэкономика;Макроэкономика;848
2;https://www.livelib.ru/genre/Микроэкономика;Микроэкономика;424
2;https://www.livelib.ru/genre/Мировая-экономика;Мировая экономика;12
2;https://www.livelib.ru/genre/Общая-экономическая-теория;Общая экономическая теория;1423
2;https://www.livelib.ru/genre/Отраслевая-и-межотраслевая-экономика;Отраслевая и межотраслевая экономика;395
2;https://www.livelib.ru/genre/Управление-экономикой;Управление экономикой;1
2;https://www.livelib.ru/genre/Экономическая-география;Экономическая география;1
2;https://www.livelib.ru/genre/Экономическая-статистика;Экономическая статистика;2250
2;https://www.livelib.ru/genre/Экономический-анализ;Экономический анализ;542
0;https://www.livelib.ru/genre/Классическая-литература;Классическая литература;85938
1;https://www.livelib.ru/genre/Античная-литература;Античная литература;505
1;https://www.livelib.ru/genre/Древневосточная-литература;Древневосточная литература;102
1;https://www.livelib.ru/genre/Древнерусская-литература;Древнерусская литература;62
1;https://www.livelib.ru/genre/Европейская-старинная-литература;Европейская старинная литература;444
1;https://www.livelib.ru/genre/Зарубежная-классика;Зарубежная классика;29497
1;https://www.livelib.ru/genre/Зарубежная-старинная-литература;Зарубежная старинная литература;132
1;https://www.livelib.ru/genre/Классическая-проза;Классическая проза;20345
1;https://www.livelib.ru/genre/Литература-18-века;Литература 18 века;213
1;https://www.livelib.ru/genre/Литература-19-века;Литература 19 века;1824
1;https://www.livelib.ru/genre/Литература-20-века;Литература 20 века;5313
1;https://www.livelib.ru/genre/Мифы-легенды-эпос;Мифы, легенды, эпос;3398
1;https://www.livelib.ru/genre/Русская-классика;Русская классика;13634
1;https://www.livelib.ru/genre/Советская-литература;Советская литература;3163
1;https://www.livelib.ru/genre/Старинная-литература;Старинная литература;9978
1;https://www.livelib.ru/genre/Фольклор;Фольклор;2666
0;https://www.livelib.ru/genre/Зарубежная-литература;Зарубежная литература;175887
1;https://www.livelib.ru/genre/Зарубежная-деловая-литература;Зарубежная деловая литература;5017
1;https://www.livelib.ru/genre/Зарубежная-драматургия;Зарубежная драматургия;3470
1;https://www.livelib.ru/genre/Зарубежная-компьютерная-литература;Зарубежная компьютерная литература;618
1;https://www.livelib.ru/genre/Зарубежная-литература-о-культуре-и-искусстве;Зарубежная литература о культуре и искусстве;9192
1;https://www.livelib.ru/genre/Зарубежная-образовательная-литература;Зарубежная образовательная литература;2353
1;https://www.livelib.ru/genre/Зарубежная-классика;Зарубежная классика;29497
1;https://www.livelib.ru/genre/Зарубежная-поэзия;Зарубежная поэзия;3499
1;https://www.livelib.ru/genre/Зарубежная-прикладная-литература;Зарубежная прикладная литература;2674
1;https://www.livelib.ru/genre/Зарубежная-психология;Зарубежная психология;1132
1;https://www.livelib.ru/genre/Зарубежная-публицистика;Зарубежная публицистика;1152
1;https://www.livelib.ru/genre/Зарубежная-религиозная-и-эзотерическая-литература;Зарубежная религиозная и эзотерическая литература;530
1;https://www.livelib.ru/genre/Зарубежная-религиозная-литература;Зарубежная религиозная литература;7
1;https://www.livelib.ru/genre/Зарубежная-справочная-литература;Зарубежная справочная литература;7
1;https://www.livelib.ru/genre/Зарубежная-старинная-литература;Зарубежная старинная литература;132
1;https://www.livelib.ru/genre/Зарубежная-фантастика;Зарубежная фантастика;16857
1;https://www.livelib.ru/genre/Зарубежная-эзотерическая-литература;Зарубежная эзотерическая литература;4
1;https://www.livelib.ru/genre/Зарубежное-фэнтези;Зарубежное фэнтези;12974
1;https://www.livelib.ru/genre/Зарубежные-боевики;Зарубежные боевики;8
1;https://www.livelib.ru/genre/Зарубежные-детективы;Зарубежные детективы;20969
1;https://www.livelib.ru/genre/Зарубежные-детские-книги;Зарубежные детские книги;20912
1;https://www.livelib.ru/genre/Зарубежные-любовные-романы;Зарубежные любовные романы;22575
1;https://www.livelib.ru/genre/Зарубежные-приключения;Зарубежные приключения;405
1;https://www.livelib.ru/genre/Зарубежный-юмор;Зарубежный юмор;409
1;https://www.livelib.ru/genre/Современная-зарубежная-литература;Современная зарубежная литература;26224
0;https://www.livelib.ru/genre/Русская-литература;Русская литература;136353
1;https://www.livelib.ru/genre/Отечественные-детективы;Отечественные детективы;17386
2;https://www.livelib.ru/genre/Отечественный-мужской-детектив;Отечественный мужской детектив;9045
2;https://www.livelib.ru/genre/Отечественный-женский-детектив;Отечественный женский детектив;5752
2;https://www.livelib.ru/genre/Современный-отечественный-детекив;Современный отечественный детектив;634
2;https://www.livelib.ru/genre/Классический-отечественный-детектив;Классический отечественный детектив;1091
1;https://www.livelib.ru/genre/Отечественная-фантастика;Отечественная фантастика;13302
1;https://www.livelib.ru/genre/Отечественные-любовные-романы;Отечественные любовные романы;3689
1;https://www.livelib.ru/genre/Русское-фэнтези;Русское фэнтези;11414
1;https://www.livelib.ru/genre/Отечественный-боевик;Отечественный боевик;1104
1;https://www.livelib.ru/genre/Отечественная-поэзия;Отечественная поэзия;6917
1;https://www.livelib.ru/genre/Отечественная-драматургия;Отечественная драматургия;1884
1;https://www.livelib.ru/genre/Русская-литература-для-детей;Русская литература для детей;22902
2;https://www.livelib.ru/genre/Отечественная-проза-для-детей;Отечественная проза для детей;5
2;https://www.livelib.ru/genre/Сказки-отечественных-писателей;Сказки отечественных писателей;5312
2;https://www.livelib.ru/genre/Отечественная-поэзия-для-детей;Отечественная поэзия для детей;5753
2;https://www.livelib.ru/genre/Русская-классика-для-детей;Русская классика для детей;1150
1;https://www.livelib.ru/genre/Отечественные-мемуары;Отечественные мемуары;2237
1;https://www.livelib.ru/genre/Отечественный-юмор-и-сатира;Отечественный юмор и сатира;211
1;https://www.livelib.ru/genre/Русская-классика;Русская классика;13634
1;https://www.livelib.ru/genre/Древнерусская-литература;Древнерусская литература;62
1;https://www.livelib.ru/genre/Советская-литература;Советская литература;3163
1;https://www.livelib.ru/genre/Современная-русская-литература;Современная русская литература;40869
1;https://www.livelib.ru/genre/Историческая-отечественная-проза;Историческая отечественная проза;165
0;https://www.livelib.ru/genre/Детские-книги;Детские книги;199913
1;https://www.livelib.ru/genre/Буквари;Буквари;53
1;https://www.livelib.ru/genre/Внеклассное-чтение;Внеклассное чтение;80
1;https://www.livelib.ru/genre/Детская-познавательная-и-развивающая-литература;Детская познавательная и развивающая литература;58317
1;https://www.livelib.ru/genre/Детская-проза;Детская проза;12943
1;https://www.livelib.ru/genre/Детская-фантастика;Детская фантастика;4726
1;https://www.livelib.ru/genre/Детские-детективы;Детские детективы;4395
1;https://www.livelib.ru/genre/Детские-приключения;Детские приключения;5013
1;https://www.livelib.ru/genre/Детские-стихи;Детские стихи;6793
1;https://www.livelib.ru/genre/Зарубежные-детские-книги;Зарубежные детские книги;20912
1;https://www.livelib.ru/genre/Книги-для-детей;Книги для детей;3349
1;https://www.livelib.ru/genre/Книги-для-дошкольников;Книги для дошкольников;34932
1;https://www.livelib.ru/genre/Сказки;Сказки;24584
1;https://www.livelib.ru/genre/Русская-литература-для-детей;Русская литература для детей;22902
2;https://www.livelib.ru/genre/Сказки-отечественных-писателей;Сказки отечественных писателей;5312
2;https://www.livelib.ru/genre/Отечественная-проза-для-детей;Отечественная проза для детей;5
2;https://www.livelib.ru/genre/Отечественная-поэзия-для-детей;Отечественная поэзия для детей;5753
2;https://www.livelib.ru/genre/Русская-классика-для-детей;Русская классика для детей;1150
0;https://www.livelib.ru/genre/Детективы;Детективы;66774
1;https://www.livelib.ru/genre/Зарубежные-детективы;Зарубежные детективы;20969
1;https://www.livelib.ru/genre/Иронические-детективы;Иронические детективы;2223
1;https://www.livelib.ru/genre/Исторические-детективы;Исторические детективы;2843
1;https://www.livelib.ru/genre/Классические-детективы;Классические детективы;8965
1;https://www.livelib.ru/genre/Крутой-детектив;Крутой детектив;1186
1;https://www.livelib.ru/genre/Политические-детективы;Политические детективы;773
1;https://www.livelib.ru/genre/Полицейские-детективы;Полицейские детективы;2440
1;https://www.livelib.ru/genre/Современные-детективы;Современные детективы;11197
1;https://www.livelib.ru/genre/Триллеры;Триллеры;8776
1;https://www.livelib.ru/genre/Шпионские-детективы;Шпионские детективы;1318
1;https://www.livelib.ru/genre/Отечественные-детективы;Отечественные детективы;17386
2;https://www.livelib.ru/genre/Отечественный-женский-детектив;Отечественный женский детектив;5752
2;https://www.livelib.ru/genre/Отечественный-мужской-детектив;Отечественный мужской детектив;9045
2;https://www.livelib.ru/genre/Современный-отечественный-детектив;Современный отечественный детектив;634
2;https://www.livelib.ru/genre/Классический-отечественный-детектив;Классический отечественный детектив;1091
1;https://www.livelib.ru/genre/Ретро-детектив;Ретро-детектив;5
0;https://www.livelib.ru/genre/Фэнтези;Фэнтези;37175
1;https://www.livelib.ru/genre/Боевое-фэнтези;Боевое фэнтези;1594
1;https://www.livelib.ru/genre/Героическое-фэнтези;Героическое фэнтези;1577
1;https://www.livelib.ru/genre/Городское-фэнтези;Городское фэнтези;2503
1;https://www.livelib.ru/genre/Детективное-фэнтези;Детективное фэнтези;421
1;https://www.livelib.ru/genre/Зарубежное-фэнтези;Зарубежное фэнтези;12974
1;https://www.livelib.ru/genre/Историческое-фэнтези;Историческое фэнтези;1070
1;https://www.livelib.ru/genre/Книги-про-вампиров;Книги про вампиров;1240
1;https://www.livelib.ru/genre/Книги-про-волшебников;Книги про волшебников;1410
1;https://www.livelib.ru/genre/Романтическое-фэнтези;Романтическое фэнтези;4939
1;https://www.livelib.ru/genre/Попаданцы;Попаданцы;1415
1;https://www.livelib.ru/genre/Русское-фэнтези;Русское фэнтези;11414
1;https://www.livelib.ru/genre/Фэнтези-про-драконов;Фэнтези про драконов;450
1;https://www.livelib.ru/genre/Эротическое-фэнтези;Эротическое фэнтези;169
1;https://www.livelib.ru/genre/Юмористическое-фэнтези;Юмористическое фэнтези;2004
1;https://www.livelib.ru/genre/Темное-фэнтези;Темное фэнтези;156
0;https://www.livelib.ru/genre/Фантастика;Фантастика;68154
1;https://www.livelib.ru/genre/Боевая-фантастика;Боевая фантастика;7285
1;https://www.livelib.ru/genre/Героическая-фантастика;Героическая фантастика;5519
1;https://www.livelib.ru/genre/Детективная-фантастика;Детективная фантастика;2921
1;https://www.livelib.ru/genre/Зарубежная-фантастика;Зарубежная фантастика;16856
1;https://www.livelib.ru/genre/Историческая-фантастика;Историческая фантастика;5673
1;https://www.livelib.ru/genre/Киберпанк;Киберпанк;1547
1;https://www.livelib.ru/genre/Космическая-фантастика;Космическая фантастика;3405
1;https://www.livelib.ru/genre/Любовно-фантастические-романы;Любовно-фантастические романы;2988
1;https://www.livelib.ru/genre/Научная-фантастика;Научная фантастика;10788
1;https://www.livelib.ru/genre/Попаданцы;Попаданцы;1415
1;https://www.livelib.ru/genre/Социальная-фантастика;Социальная фантастика;2591
1;https://www.livelib.ru/genre/Стимпанк;Стимпанк;147
1;https://www.livelib.ru/genre/Юмористическая-фантастика;Юмористическая фантастика;1218
1;https://www.livelib.ru/genre/Отечественная-фантастика;Отечественная фантастика;13302
1;https://www.livelib.ru/genre/ЛитРПГ;ЛитРПГ;199
1;https://www.livelib.ru/genre/Альтернативная-история;Альтернативная история;4
0;https://www.livelib.ru/genre/Современная-проза;Современная проза;107355
1;https://www.livelib.ru/genre/Книги-о-войне;Книги о войне;3634
1;https://www.livelib.ru/genre/Контркультура;Контркультура;13019
1;https://www.livelib.ru/genre/Современная-зарубежная-литература;Современная зарубежная литература;26224
1;https://www.livelib.ru/genre/Современная-русская-литература;Современная русская литература;40869
0;https://www.livelib.ru/genre/Приключения;Приключения;57078
1;https://www.livelib.ru/genre/Вестерны;Вестерны;2413
1;https://www.livelib.ru/genre/Зарубежные-приключения;Зарубежные приключения;405
1;https://www.livelib.ru/genre/Исторические-приключения;Исторические приключения;16248
1;https://www.livelib.ru/genre/Книги-о-приключениях;Книги о приключениях;349
1;https://www.livelib.ru/genre/Книги-о-путешествиях;Книги о путешествиях;10302
1;https://www.livelib.ru/genre/Морские-приключения;Морские приключения;1665
0;https://www.livelib.ru/genre/Ужасы-мистика;Ужасы, мистика;35010
1;https://www.livelib.ru/genre/Мистика;Мистика;2366
1;https://www.livelib.ru/genre/Ужасы;Ужасы;1152
0;https://www.livelib.ru/genre/Публицистическая-литература;Публицистическая литература;155218
1;https://www.livelib.ru/genre/Афоризмы-и-цитаты;Афоризмы и цитаты;2134
1;https://www.livelib.ru/genre/Биографии-и-мемуары;Биографии и мемуары;81849
1;https://www.livelib.ru/genre/Военное-дело-спецслужбы;Военное дело, спецслужбы;19338
1;https://www.livelib.ru/genre/Документальная-литература;Документальная литература;30023
1;https://www.livelib.ru/genre/Зарубежная-публицистика;Зарубежная публицистика;1152
1;https://www.livelib.ru/genre/Интервью;Интервью;34
1;https://www.livelib.ru/genre/Публицистика;Публицистика;9982
1;https://www.livelib.ru/genre/Рецензии;Рецензии;5
1;https://www.livelib.ru/genre/Статьи;Статьи;844
1;https://www.livelib.ru/genre/Отечественные-мемуары;Отечественные мемуары;2237
0;https://www.livelib.ru/genre/Книги-для-подростков;Книги для подростков;6956
0;https://www.livelib.ru/genre/Любовные-романы;Любовные романы;82031
1;https://www.livelib.ru/genre/Зарубежные-любовные-романы;Зарубежные любовные романы;22575
1;https://www.livelib.ru/genre/Исторические-любовные-романы;Исторические любовные романы;4883
1;https://www.livelib.ru/genre/Короткие-любовные-романы;Короткие любовные романы;11047
1;https://www.livelib.ru/genre/Любовно-фантастические-романы;Любовно-фантастические романы;2988
1;https://www.livelib.ru/genre/Остросюжетные-любовные-романы;Остросюжетные любовные романы;5333
1;https://www.livelib.ru/genre/Современные-любовные-романы;Современные любовные романы;35628
1;https://www.livelib.ru/genre/Эротические-романы;Эротические романы;1396
1;https://www.livelib.ru/genre/Отечественные-любовные-романы;Отечественные любовные романы;3689
0;https://www.livelib.ru/genre/Боевики-остросюжетная-литература;Боевики, остросюжетная литература;24524
1;https://www.livelib.ru/genre/Боевая-фантастика;Боевая фантастика;7285
1;https://www.livelib.ru/genre/Боевики;Боевики;2696
1;https://www.livelib.ru/genre/Вестерны;Вестерны;2413
1;https://www.livelib.ru/genre/Зарубежные-боевики;Зарубежные боевики;8
1;https://www.livelib.ru/genre/Криминальные-боевики;Криминальные боевики;1517
1;https://www.livelib.ru/genre/Триллеры;Триллеры;8776
1;https://www.livelib.ru/genre/Отечественный-боевик;Отечественный боевик;1104
0;https://www.livelib.ru/genre/Книги-по-психологии;Книги по психологии;41942
1;https://www.livelib.ru/genre/Возрастная-психология;Возрастная психология;548
1;https://www.livelib.ru/genre/Детская-психология;Детская психология;1794
1;https://www.livelib.ru/genre/Зарубежная-психология;Зарубежная психология;1132
1;https://www.livelib.ru/genre/История-психологии;История психологии;177
1;https://www.livelib.ru/genre/Классики-психологии;Классики психологии;3848
1;https://www.livelib.ru/genre/Общая-психология;Общая психология;12938
1;https://www.livelib.ru/genre/Основы-психологии;Основы психологии;1560
1;https://www.livelib.ru/genre/Отраслевая-психология;Отраслевая психология;2065
1;https://www.livelib.ru/genre/Практическая-психология;Практическая психология;9000
2;https://www.livelib.ru/genre/Клиническая-психология;Клиническая психология;6
2;https://www.livelib.ru/genre/Нлп;НЛП;57
2;https://www.livelib.ru/genre/Психоанализ;Психоанализ;807
2;https://www.livelib.ru/genre/Психологическая-консультация;Психологическая консультация;137
2;https://www.livelib.ru/genre/Психологическая-практика;Психологическая практика;474
2;https://www.livelib.ru/genre/Психологические-тренинги;Психологические тренинги;11
2;https://www.livelib.ru/genre/Психотерапия;Психотерапия;1795
1;https://www.livelib.ru/genre/Прикладная-психология;Прикладная психология;6345
2;https://www.livelib.ru/genre/Нейропсихология;Нейропсихология;133
2;https://www.livelib.ru/genre/О-психологии-популярно;О психологии популярно;6174
2;https://www.livelib.ru/genre/Статистика-в-психологии;Статистика в психологии;4
2;https://www.livelib.ru/genre/Учебники-по-психологии;Учебники по психологии;5
1;https://www.livelib.ru/genre/Психология-управления;Психология управления;1159
1;https://www.livelib.ru/genre/Саморазвитие-личностный-рост;Саморазвитие, личностный рост;4223
1;https://www.livelib.ru/genre/Семья-брак-сексология;Семья, брак, сексология;2315
1;https://www.livelib.ru/genre/Состояния-и-явления-психики;Состояния и явления психики;5
1;https://www.livelib.ru/genre/Социальная-психология;Социальная психология;2078
1;https://www.livelib.ru/genre/Соционика;Соционика;63
0;https://www.livelib.ru/genre/Повести-рассказы;Повести, рассказы;36381
1;https://www.livelib.ru/genre/Очерки;Очерки;1107
1;https://www.livelib.ru/genre/Повести;Повести;2317
1;https://www.livelib.ru/genre/Рассказы;Рассказы;19808
1;https://www.livelib.ru/genre/Фанфик;Фанфик;219
1;https://www.livelib.ru/genre/Эссе;Эссе;2446
1;https://www.livelib.ru/genre/Сборники;Сборники;8696
0;https://www.livelib.ru/genre/Поэзия-и-драматургия;Поэзия и драматургия;77257
1;https://www.livelib.ru/genre/Поэзия;Поэзия;57583
1;https://www.livelib.ru/genre/Зарубежная-драматургия;Зарубежная драматургия;3312
1;https://www.livelib.ru/genre/Зарубежная-поэзия;Зарубежная поэзия;3499
1;https://www.livelib.ru/genre/Драматургия;Драматургия;1101
1;https://www.livelib.ru/genre/Отечественная-поэзия;Отечественная поэзия;6917
1;https://www.livelib.ru/genre/Отечественная-драматургия;Отечественная драматургия;1884
0;https://www.livelib.ru/genre/Наука-и-образование;Наука и образование;908701
1;https://www.livelib.ru/genre/Военное-дело;Военное дело;152
1;https://www.livelib.ru/genre/Гуманитарные-и-общественные-науки;Гуманитарные и общественные науки;533111
2;https://www.livelib.ru/genre/Иностранные-языки;Иностранные языки;34823
3;https://www.livelib.ru/genre/Английский-язык;Английский язык;19021
3;https://www.livelib.ru/genre/Иностранные-языки;Иностранные языки;34823
3;https://www.livelib.ru/genre/Испанский-язык;Испанский язык;1525
3;https://www.livelib.ru/genre/Итальянский-язык;Итальянский язык;484
3;https://www.livelib.ru/genre/Немецкий-язык;Немецкий язык;4106
3;https://www.livelib.ru/genre/Польский-язык;Польский язык;126
3;https://www.livelib.ru/genre/Русский-язык-как-иностранный;Русский язык как иностранный;2575
3;https://www.livelib.ru/genre/Французский-язык;Французский язык;2867
2;https://www.livelib.ru/genre/История;История;85483
3;https://www.livelib.ru/genre/Археология;Археология;1483
3;https://www.livelib.ru/genre/Всемирная-история;Всемирная история;24425
3;https://www.livelib.ru/genre/История-древнего-мира;История Древнего мира;2000
3;https://www.livelib.ru/genre/История-россии;История России;28714
3;https://www.livelib.ru/genre/История-средних-веков;История Средних веков;1229
3;https://www.livelib.ru/genre/Источниковедение;Источниковедение;2395
3;https://www.livelib.ru/genre/Новейшая-история;Новейшая история;616
3;https://www.livelib.ru/genre/Новое-время;Новое время;769
3;https://www.livelib.ru/genre/Общая-история;Общая история;495
3;https://www.livelib.ru/genre/Первобытное-общество;Первобытное общество;70
3;https://www.livelib.ru/genre/Этнография;Этнография;4633
2;https://www.livelib.ru/genre/Книги-по-психологии;Книги по психологии;41942
3;https://www.livelib.ru/genre/Возрастная-психология;Возрастная психология;548
3;https://www.livelib.ru/genre/Детская-психология;Детская психология;1794
3;https://www.livelib.ru/genre/Зарубежная-психология;Зарубежная психология;1132
3;https://www.livelib.ru/genre/История-психологии;История психологии;177
3;https://www.livelib.ru/genre/Классики-психологии;Классики психологии;3848
3;https://www.livelib.ru/genre/Общая-психология;Общая психология;12938
3;https://www.livelib.ru/genre/Основы-психологии;Основы психологии;1560
3;https://www.livelib.ru/genre/Отраслевая-психология;Отраслевая психология;2065
3;https://www.livelib.ru/genre/Практическая-психология;Практическая психология;9000
4;https://www.livelib.ru/genre/Клиническая-психология;Клиническая психология;6
4;https://www.livelib.ru/genre/Нлп;НЛП;57
4;https://www.livelib.ru/genre/Психоанализ;Психоанализ;807
4;https://www.livelib.ru/genre/Психологическая-консультация;Психологическая консультация;137
4;https://www.livelib.ru/genre/Психологическая-практика;Психологическая практика;474
4;https://www.livelib.ru/genre/Психологические-тренинги;Психологические тренинги;11
4;https://www.livelib.ru/genre/Психотерапия;Психотерапия;1795
3;https://www.livelib.ru/genre/Прикладная-психология;Прикладная психология;6345
4;https://www.livelib.ru/genre/Нейропсихология;Нейропсихология;133
4;https://www.livelib.ru/genre/О-психологии-популярно;О психологии популярно;6174
4;https://www.livelib.ru/genre/Статистика-в-психологии;Статистика в психологии;4
4;https://www.livelib.ru/genre/Учебники-по-психологии;Учебники по психологии;5
3;https://www.livelib.ru/genre/Психология-управления;Психология управления;1159
3;https://www.livelib.ru/genre/Саморазвитие-личностный-рост;Саморазвитие, личностный рост;4223
3;https://www.livelib.ru/genre/Семья-брак-сексология;Семья, брак, сексология;2315
3;https://www.livelib.ru/genre/Состояния-и-явления-психики;Состояния и явления психики;5
3;https://www.livelib.ru/genre/Социальная-психология;Социальная психология;2078
3;https://www.livelib.ru/genre/Соционика;Соционика;63
2;https://www.livelib.ru/genre/Культура-и-просвещение;Культура и просвещение;9395
3;https://www.livelib.ru/genre/Архивное-дело;Архивное дело;1
3;https://www.livelib.ru/genre/Библиография;Библиография;1638
3;https://www.livelib.ru/genre/Издательское-дело;Издательское дело;641
3;https://www.livelib.ru/genre/Музейное-дело;Музейное дело;364
3;https://www.livelib.ru/genre/Памятники-истории-и-культуры;Памятники истории и культуры;7
3;https://www.livelib.ru/genre/Сми;СМИ;4604
3;https://www.livelib.ru/genre/Физкультура-и-спорт;Физкультура и спорт;2457
2;https://www.livelib.ru/genre/Культурология;Культурология;30041
2;https://www.livelib.ru/genre/Педагогика;Педагогика;31348
2;https://www.livelib.ru/genre/Политика;Политика;39264
3;https://www.livelib.ru/genre/Внешняя-политика;Внешняя политика;135
3;https://www.livelib.ru/genre/Внутренняя-политика;Внутренняя политика;19
3;https://www.livelib.ru/genre/История-политических-учений;История политических учений;1
3;https://www.livelib.ru/genre/Национальная-политика;Национальная политика;3
3;https://www.livelib.ru/genre/Политология;Политология;14091
3;https://www.livelib.ru/genre/Современное-политическое-положение;Современное политическое положение;1
2;https://www.livelib.ru/genre/Социология;Социология;33930
2;https://www.livelib.ru/genre/Филология;Филология;142973
3;https://www.livelib.ru/genre/Литературоведение;Литературоведение;13860
3;https://www.livelib.ru/genre/Ораторское-искусство-риторика;Ораторское искусство, риторика;1374
3;https://www.livelib.ru/genre/Языкознание;Языкознание;128295
2;https://www.livelib.ru/genre/Философия;Философия;30031
3;https://www.livelib.ru/genre/История-философии;История философии;2217
3;https://www.livelib.ru/genre/Книги-по-философии;Книги по философии;2276
3;https://www.livelib.ru/genre/Логика;Логика;698
3;https://www.livelib.ru/genre/Метафизика;Метафизика;1
3;https://www.livelib.ru/genre/Социальная-философия;Социальная философия;381
3;https://www.livelib.ru/genre/Эстетика;Эстетика;842
3;https://www.livelib.ru/genre/Этика;Этика;697
2;https://www.livelib.ru/genre/Экономика;Экономика;32613
3;https://www.livelib.ru/genre/Внешнеэкономическая-деятельность;Внешнеэкономическая деятельность;1105
3;https://www.livelib.ru/genre/История-экономики;История экономики;1217
3;https://www.livelib.ru/genre/История-экономических-учений;История экономических учений;13
3;https://www.livelib.ru/genre/Книги-по-экономике;Книги по экономике;3742
3;https://www.livelib.ru/genre/Макроэкономика;Макроэкономика;848
3;https://www.livelib.ru/genre/Микроэкономика;Микроэкономика;424
3;https://www.livelib.ru/genre/Мировая-экономика;Мировая экономика;12
3;https://www.livelib.ru/genre/Общая-экономическая-теория;Общая экономическая теория;1423
3;https://www.livelib.ru/genre/Отраслевая-и-межотраслевая-экономика;Отраслевая и межотраслевая экономика;395
3;https://www.livelib.ru/genre/Управление-экономикой;Управление экономикой;1
3;https://www.livelib.ru/genre/Экономическая-география;Экономическая география;1
3;https://www.livelib.ru/genre/Экономическая-статистика;Экономическая статистика;2250
3;https://www.livelib.ru/genre/Экономический-анализ;Экономический анализ;542
2;https://www.livelib.ru/genre/Юридическая-литература;Юридическая литература;49228
3;https://www.livelib.ru/genre/Адвокатура;Адвокатура;1548
3;https://www.livelib.ru/genre/Административное-право;Административное право;779
3;https://www.livelib.ru/genre/Арбитражное-процессуальное-право;Арбитражное процессуальное право;5
3;https://www.livelib.ru/genre/Военное-право;Военное право;121
3;https://www.livelib.ru/genre/Гражданское-право;Гражданское право;2015
3;https://www.livelib.ru/genre/Гражданское-процессуальное-право;Гражданское процессуальное право;275
3;https://www.livelib.ru/genre/Законы-нормативные-акты;Законы, нормативные акты;6844
4;https://www.livelib.ru/genre/Документы-жалобы-образцы;Документы, жалобы, образцы;306
4;https://www.livelib.ru/genre/Законы-и-постановления;Законы и постановления;27
4;https://www.livelib.ru/genre/Конституция-и-кодексы-рф;Конституция и кодексы РФ;6397
5;https://www.livelib.ru/genre/Арбитражный-процессуальный-кодекс-рф;Арбитражный процессуальный кодекс РФ;236
5;https://www.livelib.ru/genre/Бюджетный-кодекс-рф;Бюджетный кодекс РФ;129
5;https://www.livelib.ru/genre/Гражданский-кодекс-рф;Гражданский кодекс РФ;674
5;https://www.livelib.ru/genre/Гражданский-процессуальный-кодекс-рф;Гражданский процессуальный кодекс РФ;77
5;https://www.livelib.ru/genre/Жилищный-кодекс-рф;Жилищный кодекс РФ;787
5;https://www.livelib.ru/genre/Земельный-кодекс-рф;Земельный кодекс РФ;249
5;https://www.livelib.ru/genre/Кодекс-рф-об-административных-правонарушениях;Кодекс РФ об административных правонарушениях;312
5;https://www.livelib.ru/genre/Налоговый-кодекс-рф;Налоговый кодекс РФ;282
5;https://www.livelib.ru/genre/Сборник-кодексов-рф;Сборник кодексов РФ;44
5;https://www.livelib.ru/genre/Семейный-кодекс-рф;Семейный кодекс РФ;258
5;https://www.livelib.ru/genre/Таможенный-кодекс-рф;Таможенный кодекс РФ;61
5;https://www.livelib.ru/genre/Трудовой-кодекс-рф;Трудовой кодекс РФ;414
5;https://www.livelib.ru/genre/Уголовно-исполнительный-кодекс-рф;Уголовно-исполнительный кодекс РФ;56
5;https://www.livelib.ru/genre/Уголовно-процессуальный-кодекс-рф;Уголовно-процессуальный кодекс РФ;83
5;https://www.livelib.ru/genre/Уголовный-кодекс-рф;Уголовный кодекс РФ;783
4;https://www.livelib.ru/genre/Нормативно-правовые-акты;Нормативно-правовые акты;427
3;https://www.livelib.ru/genre/Земельное-право;Земельное право;286
3;https://www.livelib.ru/genre/История-права;История права;4201
3;https://www.livelib.ru/genre/Коммерческое-право;Коммерческое право;325
3;https://www.livelib.ru/genre/Конституционное-право;Конституционное право;696
3;https://www.livelib.ru/genre/Криминалистика;Криминалистика;604
3;https://www.livelib.ru/genre/Криминология;Криминология;361
3;https://www.livelib.ru/genre/Международное-право;Международное право;1399
3;https://www.livelib.ru/genre/Муниципальное-право;Муниципальное право;279
3;https://www.livelib.ru/genre/Налоговое-право;Налоговое право;140
3;https://www.livelib.ru/genre/Органы-юстиции;Органы юстиции;555
3;https://www.livelib.ru/genre/Правоведение;Правоведение;333
3;https://www.livelib.ru/genre/Предпринимательское-право;Предпринимательское право;1637
3;https://www.livelib.ru/genre/Семейное-право;Семейное право;203
3;https://www.livelib.ru/genre/Страховое-право;Страховое право;203
3;https://www.livelib.ru/genre/Судебное-право;Судебное право;437
3;https://www.livelib.ru/genre/Таможенное-право;Таможенное право;114
3;https://www.livelib.ru/genre/Теория-государства-и-права;Теория государства и права;1155
3;https://www.livelib.ru/genre/Трудовое-право;Трудовое право;990
3;https://www.livelib.ru/genre/Уголовно-процессуальное-право;Уголовно-процессуальное право;501
3;https://www.livelib.ru/genre/Уголовное-право;Уголовное право;1791
3;https://www.livelib.ru/genre/Финансовое-право;Финансовое право;424
3;https://www.livelib.ru/genre/Юриспруденция;Юриспруденция;28809
2;https://www.livelib.ru/genre/Русский-язык;Гуманитарные и общественные науки;533111
1;https://www.livelib.ru/genre/Естественные-науки;Естественные науки;95583
2;https://www.livelib.ru/genre/Астрономия;Астрономия;8800
2;https://www.livelib.ru/genre/Биология;Биология;26543
3;https://www.livelib.ru/genre/Анатомия-и-физиология;Анатомия и физиология;1965
3;https://www.livelib.ru/genre/Антропология;Антропология;2633
3;https://www.livelib.ru/genre/Биохимия;Биохимия;1
3;https://www.livelib.ru/genre/Ботаника;Ботаника;2152
3;https://www.livelib.ru/genre/Вирусология;Вирусология;842
3;https://www.livelib.ru/genre/Генетика;Генетика;51
3;https://www.livelib.ru/genre/Зоология;Зоология;3088
3;https://www.livelib.ru/genre/Микробиология;Микробиология;5
3;https://www.livelib.ru/genre/Нейробиология;Нейробиология;50
3;https://www.livelib.ru/genre/Общая-биология;Общая биология;9749
3;https://www.livelib.ru/genre/Палеонтология;Палеонтология;11
2;https://www.livelib.ru/genre/Естествознание;Естествознание;544
2;https://www.livelib.ru/genre/Математика;Математика;23703
2;https://www.livelib.ru/genre/Механика;Механика;2233
2;https://www.livelib.ru/genre/Науки-о-земле;Науки о Земле;13175
3;https://www.livelib.ru/genre/География;География;10455
3;https://www.livelib.ru/genre/Геодезия;Геодезия;248
3;https://www.livelib.ru/genre/Геология;Геология;1984
2;https://www.livelib.ru/genre/Физика;Физика;13937
2;https://www.livelib.ru/genre/Химия;Химия;8104
3;https://www.livelib.ru/genre/Аналитическая-химия;Аналитическая химия;235
3;https://www.livelib.ru/genre/Биохимия;Биохимия;1
3;https://www.livelib.ru/genre/Органическая-химия;Органическая химия;655
3;https://www.livelib.ru/genre/Фармация;Фармация;2
2;https://www.livelib.ru/genre/Экология;Экология;7002
1;https://www.livelib.ru/genre/Задачники;Задачники;2
1;https://www.livelib.ru/genre/Зарубежная-образовательная-литература;Зарубежная образовательная литература;2353
1;https://www.livelib.ru/genre/Медицина-здравоохранение;Медицина, здравоохранение;58526
2;https://www.livelib.ru/genre/Акушерство-и-гинекология;Акушерство и гинекология;1796
2;https://www.livelib.ru/genre/Вирусология;Вирусология;842
2;https://www.livelib.ru/genre/Гастроэнтерология;Гастроэнтерология;673
2;https://www.livelib.ru/genre/Генетика;Генетика;51
2;https://www.livelib.ru/genre/Геронтология;Геронтология;2
2;https://www.livelib.ru/genre/Гигиена;Гигиена;192
2;https://www.livelib.ru/genre/Дерматология;Дерматология;823
2;https://www.livelib.ru/genre/Кардиология;Кардиология;1353
2;https://www.livelib.ru/genre/Клиническая-медицина;Клиническая медицина;4038
2;https://www.livelib.ru/genre/Медицина;Медицина;20690
2;https://www.livelib.ru/genre/Микробиология;Микробиология;5
2;https://www.livelib.ru/genre/Наркология;Наркология;378
2;https://www.livelib.ru/genre/Неврология;Неврология;1266
2;https://www.livelib.ru/genre/Нейробиология;Нейробиология;50
2;https://www.livelib.ru/genre/Онкология;Онкология;1430
2;https://www.livelib.ru/genre/Ортопедия-и-травматология;Ортопедия и травматология;863
2;https://www.livelib.ru/genre/Офтальмология;Офтальмология;528
2;https://www.livelib.ru/genre/Паразитология;Паразитология;2
2;https://www.livelib.ru/genre/Педиатрия-и-неонатология;Педиатрия и неонатология;1810
2;https://www.livelib.ru/genre/Прикладные-отрасли-медицины;Прикладные отрасли медицины;1118
2;https://www.livelib.ru/genre/Психиатрия;Психиатрия;1253
2;https://www.livelib.ru/genre/Реаниматология;Реаниматология;2
2;https://www.livelib.ru/genre/Стоматология;Стоматология;2453
2;https://www.livelib.ru/genre/Токсикология;Токсикология;86
2;https://www.livelib.ru/genre/Урология-и-нефрология;Урология и нефрология;514
2;https://www.livelib.ru/genre/Фармакология;Фармакология;4170
2;https://www.livelib.ru/genre/Фармация;Фармация;2
2;https://www.livelib.ru/genre/Фтизиатрия-и-пульмонология;Фтизиатрия и пульмонология;1
2;https://www.livelib.ru/genre/Хирургия;Хирургия;2758
2;https://www.livelib.ru/genre/Эндокринология;Эндокринология;865
1;https://www.livelib.ru/genre/Методички-учебно-методические-пособия;Методички (учебно-методические пособия);52
1;https://www.livelib.ru/genre/Монографии;Монографии;89
1;https://www.livelib.ru/genre/Научно-популярная-литература;Научно-популярная литература;18027
1;https://www.livelib.ru/genre/Научные-труды;Научные труды;38
2;https://www.livelib.ru/genre/Материалы-конференции;Материалы конференции;3
1;https://www.livelib.ru/genre/Прочая-образовательная-литература;Прочая образовательная литература;19059
1;https://www.livelib.ru/genre/Сельское-и-лесное-хозяйство;Сельское и лесное хозяйство;9387
2;https://www.livelib.ru/genre/Агрохимия;Агрохимия;1
2;https://www.livelib.ru/genre/Ветеринария;Ветеринария;8916
2;https://www.livelib.ru/genre/Животноводство;Животноводство;4
2;https://www.livelib.ru/genre/Лесное-хозяйство;Лесное хозяйство;2
2;https://www.livelib.ru/genre/Растениеводство;Растениеводство;16
1;https://www.livelib.ru/genre/Технические-науки;Технические науки;139299
2;https://www.livelib.ru/genre/Горное-дело;Горное дело;1130
2;https://www.livelib.ru/genre/Информатика-и-вычислительная-техника;Информатика и вычислительная техника;2856
2;https://www.livelib.ru/genre/Конструкции;Конструкции;1
2;https://www.livelib.ru/genre/Легкая-промышленность;Легкая промышленность;1097
2;https://www.livelib.ru/genre/Материаловедение;Материаловедение;885
2;https://www.livelib.ru/genre/Машиностроение;Машиностроение;4684
2;https://www.livelib.ru/genre/Основы-производства;Основы производства;2
2;https://www.livelib.ru/genre/Пищевая-промышленность;Пищевая промышленность;1255
3;https://www.livelib.ru/genre/Гигиена;Гигиена;192
3;https://www.livelib.ru/genre/Пищевое-производство;Пищевое производство;6
2;https://www.livelib.ru/genre/Приборостроение;Приборостроение;1
2;https://www.livelib.ru/genre/Промышленность;Промышленность;1290
2;https://www.livelib.ru/genre/Радиоэлектроника;Радиоэлектроника;7678
3;https://www.livelib.ru/genre/Автоматика-и-телемеханика;Автоматика и телемеханика;2700
3;https://www.livelib.ru/genre/Кибернетика;Кибернетика;16
3;https://www.livelib.ru/genre/Радиотехника;Радиотехника;2606
3;https://www.livelib.ru/genre/Электроника;Электроника;634
2;https://www.livelib.ru/genre/Строительство;Строительство;4233
3;https://www.livelib.ru/genre/Архитектурные-конструкции;Архитектурные конструкции;597
3;https://www.livelib.ru/genre/Строительные-конструкции;Строительные конструкции;4
3;https://www.livelib.ru/genre/Строительные-материалы;Строительные материалы;145
2;https://www.livelib.ru/genre/Техническая-литература;Техническая литература;97845
2;https://www.livelib.ru/genre/Технологии-металлов;Технологии металлов;1167
3;https://www.livelib.ru/genre/Металлургия;Металлургия;1167
2;https://www.livelib.ru/genre/Транспорт;Транспорт;12173
3;https://www.livelib.ru/genre/Автотранспорт;Автотранспорт;4807
3;https://www.livelib.ru/genre/Водный-транспорт;Водный транспорт;1490
3;https://www.livelib.ru/genre/Воздушный-транспорт;Воздушный транспорт;2619
3;https://www.livelib.ru/genre/Городской-транспорт;Городской транспорт;1
3;https://www.livelib.ru/genre/Железнодорожный-транспорт;Железнодорожный транспорт;617
3;https://www.livelib.ru/genre/Космический-транспорт;Космический транспорт;10
3;https://www.livelib.ru/genre/Промышленный-транспорт;Промышленный транспорт;94
2;https://www.livelib.ru/genre/Эксплуатация-промышленного-оборудования;Эксплуатация промышленного оборудования;3385
2;https://www.livelib.ru/genre/Энергетика;Энергетика;2764
3;https://www.livelib.ru/genre/Атомная-энергетика;Атомная энергетика;1
3;https://www.livelib.ru/genre/Топливно-энергетический-комплекс;Топливно-энергетический комплекс;1
2;https://www.livelib.ru/genre/Космонавтика;Космонавтика;30
1;https://www.livelib.ru/genre/Школьные-учебники;Школьные учебники;76037
1;https://www.livelib.ru/genre/Учебники-и-пособия-для-вузов;Учебники и пособия для вузов;370
0;https://www.livelib.ru/genre/Дом-семья-хобби-и-досуг;Дом, семья, хобби и досуг;167228
1;https://www.livelib.ru/genre/Автомобили-и-пдд;Автомобили и ПДД;1463
1;https://www.livelib.ru/genre/Воспитание-детей;Воспитание детей;11017
1;https://www.livelib.ru/genre/Домашние-животные;Домашние животные;4230
1;https://www.livelib.ru/genre/Зарубежная-прикладная-литература;Зарубежная прикладная литература;2674
1;https://www.livelib.ru/genre/Изобразительное-искусство;Изобразительное искусство;12980
1;https://www.livelib.ru/genre/Интерьеры;Интерьеры;1668
1;https://www.livelib.ru/genre/Искусство-фотографии;Искусство фотографии;17958
1;https://www.livelib.ru/genre/Кулинария;Кулинария;27343
1;https://www.livelib.ru/genre/Мода-и-стиль;Мода и стиль;4534
1;https://www.livelib.ru/genre/Отдых-туризм;Отдых, туризм;2904
1;https://www.livelib.ru/genre/Охота;Охота;1031
1;https://www.livelib.ru/genre/Прикладная-литература;Прикладная литература;1
1;https://www.livelib.ru/genre/Природа-и-животные;Природа и животные;4425
1;https://www.livelib.ru/genre/Развлечения;Развлечения;9231
1;https://www.livelib.ru/genre/Рукоделие-ремесла;Рукоделие, ремесла;8187
1;https://www.livelib.ru/genre/Рыбалка;Рыбалка;964
1;https://www.livelib.ru/genre/Сад-и-огород;Сад и огород;6778
1;https://www.livelib.ru/genre/Самосовершенствование;Самосовершенствование;4663
1;https://www.livelib.ru/genre/Сделай-сам;Сделай сам;23853
1;https://www.livelib.ru/genre/Спорт-фитнес;Спорт, фитнес;16360
1;https://www.livelib.ru/genre/Хобби-увлечения;Хобби, увлечения;12748
0;https://www.livelib.ru/genre/Комиксы-манга-графические-романы;Комиксы, манга, графические романы;21363
0;https://www.livelib.ru/genre/Эзотерика;Эзотерика;39227
1;https://www.livelib.ru/genre/Астрология;Астрология;2836
1;https://www.livelib.ru/genre/Гадание-толкование-снов;Гадание, толкование снов;3934
1;https://www.livelib.ru/genre/Зарубежная-эзотерическая-литература;Зарубежная эзотерическая литература;4
1;https://www.livelib.ru/genre/Йога;Йога;3270
1;https://www.livelib.ru/genre/Магия-колдовство;Магия, колдовство;3493
1;https://www.livelib.ru/genre/Парапсихология;Парапсихология;964
1;https://www.livelib.ru/genre/Практическая-эзотерика;Практическая эзотерика;3282
1;https://www.livelib.ru/genre/Современные-религиозные-течения;Современные религиозные течения;1218
1;https://www.livelib.ru/genre/Спиритизм-пророчества-и-предсказания;Спиритизм, пророчества и предсказания;2320
1;https://www.livelib.ru/genre/Таинственные-явления;Таинственные явления;1006
1;https://www.livelib.ru/genre/Тайные-общества;Тайные общества;269
1;https://www.livelib.ru/genre/Фэн-шуй;Фэн-шуй;812
1;https://www.livelib.ru/genre/Эзотерика-оккультизм;Эзотерика, оккультизм;5339
0;https://www.livelib.ru/genre/Культура-и-искусство;Культура и искусство;107154
1;https://www.livelib.ru/genre/Архитектура;Архитектура;8089
1;https://www.livelib.ru/genre/Дизайн;Дизайн;2515
1;https://www.livelib.ru/genre/Зарубежная-литература-о-культуре-и-искусстве;Зарубежная литература о культуре и искусстве;9192
1;https://www.livelib.ru/genre/Изобразительное-искусство;Изобразительное искусство;12980
1;https://www.livelib.ru/genre/Искусство-фотографии;Искусство фотографии;17958
1;https://www.livelib.ru/genre/Искусствоведение;Искусствоведение;14259
1;https://www.livelib.ru/genre/История-искусств;История искусств;1807
1;https://www.livelib.ru/genre/Кинематограф-театр;Кинематограф, театр;9296
1;https://www.livelib.ru/genre/Критика;Критика;7559
1;https://www.livelib.ru/genre/Музеи-и-коллекции;Музеи и коллекции;5759
1;https://www.livelib.ru/genre/Музыка;Музыка;16261
1;https://www.livelib.ru/genre/Ноты;Ноты;1163
1;https://www.livelib.ru/genre/Опера-балет;Опера, балет;5230
1;https://www.livelib.ru/genre/Танцы;Танцы;93
1;https://www.livelib.ru/genre/Телевидение;Телевидение;7159
1;https://www.livelib.ru/genre/Цирк;Цирк;148
0;https://www.livelib.ru/genre/Юмористическая-литература;Юмористическая литература;15397
1;https://www.livelib.ru/genre/Анекдоты;Анекдоты;1652
1;https://www.livelib.ru/genre/Зарубежный-юмор;Зарубежный юмор;409
1;https://www.livelib.ru/genre/Юмор-и-сатира;Юмор и сатира;982
1;https://www.livelib.ru/genre/Юмористическая-проза;Юмористическая проза;6555
1;https://www.livelib.ru/genre/Юмористические-стихи;Юмористические стихи;506
1;https://www.livelib.ru/genre/Отечественный-юмор-и-сатира;Отечественный юмор и сатира;211
0;https://www.livelib.ru/genre/Религия;Религия;50018
1;https://www.livelib.ru/genre/Буддизм;Буддизм;991
2;https://www.livelib.ru/genre/Вероучения-в-буддизме;Вероучения в буддизме;108
2;https://www.livelib.ru/genre/Дзэн-буддизм;Дзэн-буддизм;134
2;https://www.livelib.ru/genre/Тибетский-буддизм;Тибетский буддизм;6
1;https://www.livelib.ru/genre/Духовная-литература;Духовная литература;1224
1;https://www.livelib.ru/genre/Зарубежная-религиозная-литература;Зарубежная религиозная литература;7
1;https://www.livelib.ru/genre/Ислам;Ислам;1198
2;https://www.livelib.ru/genre/Коран;Коран;238
2;https://www.livelib.ru/genre/Молитвы-в-исламе;Молитвы в исламе;1
1;https://www.livelib.ru/genre/Иудаизм;Иудаизм;745
1;https://www.livelib.ru/genre/Католицизм;Католицизм;902
1;https://www.livelib.ru/genre/Православие;Православие;19362
2;https://www.livelib.ru/genre/Акафисты;Акафисты;1129
2;https://www.livelib.ru/genre/Богословие;Богословие;1312
2;https://www.livelib.ru/genre/Воскресная-школа;Воскресная школа;58
2;https://www.livelib.ru/genre/Житийная-литература;Житийная литература;4078
2;https://www.livelib.ru/genre/История-церкви;История церкви;1230
2;https://www.livelib.ru/genre/Книги-для-священнослужителей;Книги для священнослужителей;1303
2;https://www.livelib.ru/genre/Паломничество;Паломничество;971
2;https://www.livelib.ru/genre/Православие-для-детей;Православие для детей;1617
2;https://www.livelib.ru/genre/Православная-медицина;Православная медицина;1
2;https://www.livelib.ru/genre/Православные-календари;Православные календари;182
2;https://www.livelib.ru/genre/Православные-каноны;Православные каноны;231
2;https://www.livelib.ru/genre/Православные-молитвы;Православные молитвы;90
2;https://www.livelib.ru/genre/Православные-традиции;Православные традиции;5
2;https://www.livelib.ru/genre/Священное-писание;Священное Писание;1633
1;https://www.livelib.ru/genre/Протестантизм;Протестантизм;91
1;https://www.livelib.ru/genre/Религии-верования-культы;Религии, верования, культы;3965
1;https://www.livelib.ru/genre/Религиоведение-история-религий;Религиоведение, история религий;10009
1;https://www.livelib.ru/genre/Религиозные-тексты;Религиозные тексты;3550
1;https://www.livelib.ru/genre/Христианское-искусство;Христианское искусство;209
1;https://www.livelib.ru/genre/Христианство;Христианство;2637
1;https://www.livelib.ru/genre/Индуизм;Индуизм;368
0;https://www.livelib.ru/genre/Словари-справочники;Словари, справочники;42487
1;https://www.livelib.ru/genre/Зарубежная-справочная-литература;Зарубежная справочная литература;7
1;https://www.livelib.ru/genre/Путеводители;Путеводители;17611
1;https://www.livelib.ru/genre/Руководства;Руководства;4865
1;https://www.livelib.ru/genre/Самоучители;Самоучители;302
1;https://www.livelib.ru/genre/Словари;Словари;13614
2;https://www.livelib.ru/genre/Другие-словари;Другие словари;1859
2;https://www.livelib.ru/genre/Орфографические-словари;Орфографические словари;131
2;https://www.livelib.ru/genre/Орфоэпические-словари;Орфоэпические словари;40
2;https://www.livelib.ru/genre/Разговорники;Разговорники;4589
2;https://www.livelib.ru/genre/Терминологические-словари;Терминологические словари;63
2;https://www.livelib.ru/genre/Толковые-словари;Толковые словари;188
2;https://www.livelib.ru/genre/Энциклопедические-словари;Энциклопедические словари;7
2;https://www.livelib.ru/genre/Этимологические-словари;Этимологические словари;66
2;https://www.livelib.ru/genre/Языковые-словари;Языковые словари;2125
1;https://www.livelib.ru/genre/Справочная-литература;Справочная литература;231
1;https://www.livelib.ru/genre/Справочники;Справочники;2505
2;https://www.livelib.ru/genre/Библиографические-справочники;Библиографические справочники;1
2;https://www.livelib.ru/genre/Биографические-справочники;Биографические справочники;19
2;https://www.livelib.ru/genre/Компьютерная-справочная-литература;Компьютерная справочная литература;199
2;https://www.livelib.ru/genre/Научные-справочники;Научные справочники;1
2;https://www.livelib.ru/genre/Популярные-справочники;Популярные справочники;3
2;https://www.livelib.ru/genre/Учебные-справочники;Учебные справочники;327
1;https://www.livelib.ru/genre/Энциклопедии;Энциклопедии;1478
0;https://www.livelib.ru/genre/Красота-и-здоровье;Красота и здоровье;46169
1;https://www.livelib.ru/genre/Альтернативная-медицина;Альтернативная медицина;1
1;https://www.livelib.ru/genre/Здоровое-и-правильное-питание;Здоровое и правильное питание;157
1;https://www.livelib.ru/genre/Здоровье;Здоровье;9983
1;https://www.livelib.ru/genre/Косметика-и-косметология;Косметика и косметология;995
1;https://www.livelib.ru/genre/Народная-и-нетрадиционная-медицина;Народная и нетрадиционная медицина;17367
1;https://www.livelib.ru/genre/Похудение-и-диеты;Похудение и диеты;1697
1;https://www.livelib.ru/genre/Прически-уход-за-волосами;Прически, уход за волосами;446
1;https://www.livelib.ru/genre/Спорт-фитнес;Спорт, фитнес;16360
0;https://www.livelib.ru/genre/Книги-на-иностранных-языках;Книги на иностранных языках;3139
1;https://www.livelib.ru/genre/Книги-на-английском;Книги на английском;2961
1;https://www.livelib.ru/genre/Книги-на-белорусском;Книги на белорусском;2
1;https://www.livelib.ru/genre/Книги-на-испанском;Книги на испанском;2
1;https://www.livelib.ru/genre/Книги-на-итальянском;Книги на итальянском;1
1;https://www.livelib.ru/genre/Книги-на-немецком;Книги на немецком;1
1;https://www.livelib.ru/genre/Книги-на-французском;Книги на французском;4
1;https://www.livelib.ru/genre/Книги-на-японском;Книги на японском;1
0;https://www.livelib.ru/genre/Компьютерная-литература;Компьютерная литература;40108
1;https://www.livelib.ru/genre/Базы-данных;Базы данных;1983
1;https://www.livelib.ru/genre/Зарубежная-компьютерная-литература;Зарубежная компьютерная литература;618
1;https://www.livelib.ru/genre/Интернет;Интернет;2204
1;https://www.livelib.ru/genre/Книги-о-компьютерах;Книги о компьютерах;7
1;https://www.livelib.ru/genre/Компьютерная-справочная-литература;Компьютерная справочная литература;199
1;https://www.livelib.ru/genre/Компьютерное-железо;Компьютерное железо;630
1;https://www.livelib.ru/genre/Ос-и-сети;ОС и сети;10841
1;https://www.livelib.ru/genre/Программирование;Программирование;13091
1;https://www.livelib.ru/genre/Программы;Программы;10075
0;https://www.livelib.ru/genre/Эротика-и-секс;Эротика и секс;12237
1;https://www.livelib.ru/genre/Сексуальные-руководства;Сексуальные руководства;943
1;https://www.livelib.ru/genre/Эротическая-литература;Эротическая литература;5282
1;https://www.livelib.ru/genre/Эротические-рассказы-и-истории;Эротические рассказы и истории;193
1;https://www.livelib.ru/genre/Эротические-романы;Эротические романы;1396
1;https://www.livelib.ru/genre/Эротическое-фэнтези;Эротическое фэнтези;169
0;https://www.livelib.ru/genre/Периодические-издания;Периодические издания;16363
1;https://www.livelib.ru/genre/Альманахи;Альманахи;2
1;https://www.livelib.ru/genre/Газеты;Газеты;1440
1;https://www.livelib.ru/genre/Журналы;Журналы;8466
2;https://www.livelib.ru/genre/Автожурналы;Автожурналы;2
2;https://www.livelib.ru/genre/Детские-журналы;Детские журналы;78
2;https://www.livelib.ru/genre/Журналы-о-досуге-и-развлечениях;Журналы о досуге и развлечениях;1
2;https://www.livelib.ru/genre/Журнальные-издания;Журнальные издания;41
2;https://www.livelib.ru/genre/Литературные-журналы;Литературные журналы;46
2;https://www.livelib.ru/genre/Медицинские-журналы;Медицинские журналы;700
2;https://www.livelib.ru/genre/Научно-практические-журналы;Научно-практические журналы;1
2;https://www.livelib.ru/genre/Финансово-экономические-журналы;Финансово-экономические журналы;6
0;https://www.livelib.ru/genre/Учебная-литература;Учебная литература;128385
1;https://www.livelib.ru/genre/Прочая-учебная-литература;Прочая учебная литература;52353
1;https://www.livelib.ru/genre/Школьные-учебники;Школьные учебники;76037
2;https://www.livelib.ru/genre/Гиа-огэ-гвэ;ГИА (ОГЭ, ГВЭ);2455
3;https://www.livelib.ru/genre/Гиа-по-биологии-огэ-гвэ;ГИА по биологии (ОГЭ, ГВЭ);140
3;https://www.livelib.ru/genre/Гиа-по-географии-огэ-гвэ;ГИА по географии (ОГЭ, ГВЭ);146
3;https://www.livelib.ru/genre/Гиа-по-иностранному-языку-огэ-гвэ;ГИА по иностранному языку (ОГЭ, ГВЭ);237
3;https://www.livelib.ru/genre/Гиа-по-информатике-и-икт-огэ-гвэ;ГИА по информатике и ИКТ (ОГЭ, ГВЭ);105
3;https://www.livelib.ru/genre/Гиа-по-истории-огэ-гвэ;ГИА по истории (ОГЭ, ГВЭ);197
3;https://www.livelib.ru/genre/Гиа-по-литературе-огэ-гвэ;ГИА по литературе (ОГЭ, ГВЭ);92
3;https://www.livelib.ru/genre/Гиа-по-математике-огэ-гвэ;ГИА по математике (ОГЭ, ГВЭ);385
3;https://www.livelib.ru/genre/Гиа-по-обществознанию-огэ-гвэ;ГИА по обществознанию (ОГЭ, ГВЭ);259
3;https://www.livelib.ru/genre/Гиа-по-русскому-языку-огэ-гвэ;ГИА по русскому языку (ОГЭ, ГВЭ);486
3;https://www.livelib.ru/genre/Гиа-по-физике-огэ-гвэ;ГИА по физике (ОГЭ, ГВЭ);205
3;https://www.livelib.ru/genre/Гиа-по-химии-огэ-гвэ;ГИА по химии (ОГЭ, ГВЭ);203
3;https://www.livelib.ru/genre/Гиа-по-биологии-огэ-гвэ;ГИА по биологии (ОГЭ, ГВЭ);140
3;https://www.livelib.ru/genre/Гиа-по-географии-огэ-гвэ;ГИА по географии (ОГЭ, ГВЭ);146
3;https://www.livelib.ru/genre/Гиа-по-иностранному-языку-огэ-гвэ;ГИА по иностранному языку (ОГЭ, ГВЭ);237
3;https://www.livelib.ru/genre/Гиа-по-информатике-и-икт-огэ-гвэ;ГИА по информатике и ИКТ (ОГЭ, ГВЭ);105
3;https://www.livelib.ru/genre/Гиа-по-истории-огэ-гвэ;ГИА по истории (ОГЭ, ГВЭ);197
3;https://www.livelib.ru/genre/Гиа-по-литературе-огэ-гвэ;ГИА по литературе (ОГЭ, ГВЭ);92
3;https://www.livelib.ru/genre/Гиа-по-математике-огэ-гвэ;ГИА по математике (ОГЭ, ГВЭ);385
3;https://www.livelib.ru/genre/Гиа-по-обществознанию-огэ-гвэ;ГИА по обществознанию (ОГЭ, ГВЭ);259
3;https://www.livelib.ru/genre/Гиа-по-русскому-языку-огэ-гвэ;ГИА по русскому языку (ОГЭ, ГВЭ);486
3;https://www.livelib.ru/genre/Гиа-по-физике-огэ-гвэ;ГИА по физике (ОГЭ, ГВЭ);205
3;https://www.livelib.ru/genre/Гиа-по-химии-огэ-гвэ;ГИА по химии (ОГЭ, ГВЭ);203
2;https://www.livelib.ru/genre/Егэ;ЕГЭ;3517
3;https://www.livelib.ru/genre/Егэ-по-биологии;ЕГЭ по биологии;400
3;https://www.livelib.ru/genre/Егэ-по-географии;ЕГЭ по географии;231
3;https://www.livelib.ru/genre/Егэ-по-иностранному-языку;ЕГЭ по иностранному языку;417
3;https://www.livelib.ru/genre/Егэ-по-информатике-и-икт;ЕГЭ по информатике и ИКТ;160
3;https://www.livelib.ru/genre/Егэ-по-истории;ЕГЭ по истории;2
3;https://www.livelib.ru/genre/Егэ-по-литературе;ЕГЭ по литературе;161
3;https://www.livelib.ru/genre/Егэ-по-математике;ЕГЭ по математике;573
3;https://www.livelib.ru/genre/Егэ-по-обществознанию;ЕГЭ по обществознанию;462
3;https://www.livelib.ru/genre/Егэ-по-русскому-языку;ЕГЭ по русскому языку;607
3;https://www.livelib.ru/genre/Егэ-по-физике;ЕГЭ по физике;265
3;https://www.livelib.ru/genre/Егэ-по-химии;ЕГЭ по химии;235
3;https://www.livelib.ru/genre/Егэ-по-биологии;ЕГЭ по биологии;400
3;https://www.livelib.ru/genre/Егэ-по-географии;ЕГЭ по географии;231
3;https://www.livelib.ru/genre/Егэ-по-иностранному-языку;ЕГЭ по иностранному языку;417
3;https://www.livelib.ru/genre/Егэ-по-информатике-и-икт;ЕГЭ по информатике и ИКТ;160
3;https://www.livelib.ru/genre/Егэ-по-истории;ЕГЭ по истории;2
3;https://www.livelib.ru/genre/Егэ-по-литературе;ЕГЭ по литературе;161
3;https://www.livelib.ru/genre/Егэ-по-математике;ЕГЭ по математике;573
3;https://www.livelib.ru/genre/Егэ-по-обществознанию;ЕГЭ по обществознанию;462
3;https://www.livelib.ru/genre/Егэ-по-русскому-языку;ЕГЭ по русскому языку;607
3;https://www.livelib.ru/genre/Егэ-по-физике;ЕГЭ по физике;265
3;https://www.livelib.ru/genre/Егэ-по-химии;ЕГЭ по химии;235
2;https://www.livelib.ru/genre/Рабочие-тетради;Рабочие тетради;15
2;https://www.livelib.ru/genre/Список-школьной-литературы-10-11-класс;Список школьной литературы 10-11 класс;1
2;https://www.livelib.ru/genre/Список-школьной-литературы-7-8-класс;Список школьной литературы 7-8 класс;3
2;https://www.livelib.ru/genre/Учебники-1-класс;Учебники 1 класс;2298
3;https://www.livelib.ru/genre/Иностранный-язык-1-класс;Иностранный язык 1 класс;26
3;https://www.livelib.ru/genre/Математика-1-класс;Математика 1 класс;703
3;https://www.livelib.ru/genre/Окружающий-мир-1-класс;Окружающий мир 1 класс;272
3;https://www.livelib.ru/genre/Русский-язык-1-класс;Русский язык 1 класс;928
3;https://www.livelib.ru/genre/Чтение-1-класс;Чтение 1 класс;370
3;https://www.livelib.ru/genre/Иностранный-язык-1-класс;Иностранный язык 1 класс;26
3;https://www.livelib.ru/genre/Математика-1-класс;Математика 1 класс;703
3;https://www.livelib.ru/genre/Окружающий-мир-1-класс;Окружающий мир 1 класс;272
3;https://www.livelib.ru/genre/Русский-язык-1-класс;Русский язык 1 класс;928
3;https://www.livelib.ru/genre/Чтение-1-класс;Чтение 1 класс;370
2;https://www.livelib.ru/genre/Учебники-10-класс;Учебники 10 класс;17
3;https://www.livelib.ru/genre/Алгебра-10-класс;Алгебра 10 класс;1
3;https://www.livelib.ru/genre/История-10-класс;История 10 класс;11
3;https://www.livelib.ru/genre/Физика-10-класс;Физика 10 класс;5
3;https://www.livelib.ru/genre/Алгебра-10-класс;Алгебра 10 класс;1
3;https://www.livelib.ru/genre/История-10-класс;История 10 класс;11
3;https://www.livelib.ru/genre/Физика-10-класс;Физика 10 класс;5
2;https://www.livelib.ru/genre/Учебники-11-класс;Учебники 11 класс;16
3;https://www.livelib.ru/genre/История-11-класс;История 11 класс;6
3;https://www.livelib.ru/genre/Русский-язык-11-класс;Русский язык 11 класс;1
3;https://www.livelib.ru/genre/Физика-11-класс;Физика 11 класс;3
3;https://www.livelib.ru/genre/История-11-класс;История 11 класс;6
3;https://www.livelib.ru/genre/Русский-язык-11-класс;Русский язык 11 класс;1
3;https://www.livelib.ru/genre/Физика-11-класс;Физика 11 класс;3
2;https://www.livelib.ru/genre/Учебники-2-класс;Учебники 2 класс;2441
3;https://www.livelib.ru/genre/Иностранный-язык-2-класс;Иностранный язык 2 класс;339
3;https://www.livelib.ru/genre/Математика-2-класс;Математика 2 класс;755
3;https://www.livelib.ru/genre/Окружающий-мир-2-класс;Окружающий мир 2 класс;294
3;https://www.livelib.ru/genre/Русский-язык-2-класс;Русский язык 2 класс;672
3;https://www.livelib.ru/genre/Чтение-2-класс;Чтение 2 класс;381
3;https://www.livelib.ru/genre/Иностранный-язык-2-класс;Иностранный язык 2 класс;339
3;https://www.livelib.ru/genre/Математика-2-класс;Математика 2 класс;755
3;https://www.livelib.ru/genre/Окружающий-мир-2-класс;Окружающий мир 2 класс;294
3;https://www.livelib.ru/genre/Русский-язык-2-класс;Русский язык 2 класс;672
3;https://www.livelib.ru/genre/Чтение-2-класс;Чтение 2 класс;381
2;https://www.livelib.ru/genre/Учебники-3-класс;Учебники 3 класс;2162
3;https://www.livelib.ru/genre/Иностранный-язык-3-класс;Иностранный язык 3 класс;334
3;https://www.livelib.ru/genre/Математика-3-класс;Математика 3 класс;608
3;https://www.livelib.ru/genre/Окружающий-мир-3-класс;Окружающий мир 3 класс;266
3;https://www.livelib.ru/genre/Русский-язык-3-класс;Русский язык 3 класс;603
3;https://www.livelib.ru/genre/Чтение-3-класс;Чтение 3 класс;350
3;https://www.livelib.ru/genre/Иностранный-язык-3-класс;Иностранный язык 3 класс;334
3;https://www.livelib.ru/genre/Математика-3-класс;Математика 3 класс;608
3;https://www.livelib.ru/genre/Окружающий-мир-3-класс;Окружающий мир 3 класс;266
3;https://www.livelib.ru/genre/Русский-язык-3-класс;Русский язык 3 класс;603
3;https://www.livelib.ru/genre/Чтение-3-класс;Чтение 3 класс;350
2;https://www.livelib.ru/genre/Учебники-4-класс;Учебники 4 класс;2811
3;https://www.livelib.ru/genre/Иностранный-язык-4-класс;Иностранный язык 4 класс;498
3;https://www.livelib.ru/genre/Математика-4-класс;Математика 4 класс;751
3;https://www.livelib.ru/genre/Окружающий-мир-4-класс;Окружающий мир 4 класс;345
3;https://www.livelib.ru/genre/Русский-язык-4-класс;Русский язык 4 класс;771
3;https://www.livelib.ru/genre/Чтение-4-класс;Чтение 4 класс;446
3;https://www.livelib.ru/genre/Иностранный-язык-4-класс;Иностранный язык 4 класс;498
3;https://www.livelib.ru/genre/Математика-4-класс;Математика 4 класс;751
3;https://www.livelib.ru/genre/Окружающий-мир-4-класс;Окружающий мир 4 класс;345
3;https://www.livelib.ru/genre/Русский-язык-4-класс;Русский язык 4 класс;771
3;https://www.livelib.ru/genre/Чтение-4-класс;Чтение 4 класс;446
2;https://www.livelib.ru/genre/Учебники-5-класс;Учебники 5 класс;8
3;https://www.livelib.ru/genre/История-5-класс;История 5 класс;6
3;https://www.livelib.ru/genre/Музыка-5-класс;Музыка 5 класс;1
3;https://www.livelib.ru/genre/История-5-класс;История 5 класс;6
3;https://www.livelib.ru/genre/Музыка-5-класс;Музыка 5 класс;1
2;https://www.livelib.ru/genre/Учебники-6-класс;Учебники 6 класс;2
3;https://www.livelib.ru/genre/История-6-класс;История 6 класс;1
3;https://www.livelib.ru/genre/Музыка-6-класс;Музыка 6 класс;1
3;https://www.livelib.ru/genre/История-6-класс;История 6 класс;1
3;https://www.livelib.ru/genre/Музыка-6-класс;Музыка 6 класс;1
2;https://www.livelib.ru/genre/Учебники-7-класс;Учебники 7 класс;12
3;https://www.livelib.ru/genre/История-7-класс;История 7 класс;7
3;https://www.livelib.ru/genre/Физика-7-класс;Физика 7 класс;5
3;https://www.livelib.ru/genre/История-7-класс;История 7 класс;7
3;https://www.livelib.ru/genre/Физика-7-класс;Физика 7 класс;5
2;https://www.livelib.ru/genre/Учебники-8-класс;Учебники 8 класс;11
3;https://www.livelib.ru/genre/Алгебра-8-класс;Алгебра 8 класс;1
3;https://www.livelib.ru/genre/История-8-класс;История 8 класс;4
3;https://www.livelib.ru/genre/Физика-8-класс;Физика 8 класс;6
3;https://www.livelib.ru/genre/Алгебра-8-класс;Алгебра 8 класс;1
3;https://www.livelib.ru/genre/История-8-класс;История 8 класс;4
3;https://www.livelib.ru/genre/Физика-8-класс;Физика 8 класс;6
2;https://www.livelib.ru/genre/Учебники-9-класс;Учебники 9 класс;6
3;https://www.livelib.ru/genre/История-9-класс;История 9 класс;5
3;https://www.livelib.ru/genre/Физика-9-класс;Физика 9 класс;1
3;https://www.livelib.ru/genre/История-9-класс;История 9 класс;5
3;https://www.livelib.ru/genre/Физика-9-класс;Физика 9 класс;1
2;https://www.livelib.ru/genre/Учебные-программы;Учебные программы;1640
2;https://www.livelib.ru/genre/Школьные-методические-пособия;Школьные методические пособия;44114
2;https://www.livelib.ru/genre/Школьные-учебники-по-английскому-языку;Школьные учебники по английскому языку;2630
2;https://www.livelib.ru/genre/Школьные-учебники-по-биологии;Школьные учебники по биологии;976
2;https://www.livelib.ru/genre/Школьные-учебники-по-географии;Школьные учебники по географии;1107
2;https://www.livelib.ru/genre/Школьные-учебники-по-естествознанию;Школьные учебники по естествознанию;78
2;https://www.livelib.ru/genre/Школьные-учебники-по-изобразительному-искусству-изо;Школьные учебники по изобразительному искусству (ИЗО);461
2;https://www.livelib.ru/genre/Школьные-учебники-по-информатике;Школьные учебники по информатике;777
2;https://www.livelib.ru/genre/Школьные-учебники-по-истории;Школьные учебники по истории;1266
2;https://www.livelib.ru/genre/Школьные-учебники-по-литературе;Школьные учебники по литературе;993
2;https://www.livelib.ru/genre/Школьные-учебники-по-математике;Школьные учебники по математике;2075
2;https://www.livelib.ru/genre/Школьные-учебники-по-мировой-художественной-культуре-мхк;Школьные учебники по мировой художественной культуре (МХК);134
2;https://www.livelib.ru/genre/Школьные-учебники-по-музыке;Школьные учебники по музыке;1237
2;https://www.livelib.ru/genre/Школьные-учебники-по-немецкому-языку;Школьные учебники по немецкому языку;627
2;https://www.livelib.ru/genre/Школьные-учебники-по-обществознанию;Школьные учебники по обществознанию;999
2;https://www.livelib.ru/genre/Школьные-учебники-по-окружающему-миру;Школьные учебники по окружающему миру;291
2;https://www.livelib.ru/genre/Школьные-учебники-по-основам-безопасности-жизнедеятельности-обж;Школьные учебники по основам безопасности жизнедеятельности (ОБЖ);367
2;https://www.livelib.ru/genre/Школьные-учебники-по-правоведению;Школьные учебники по правоведению;326
2;https://www.livelib.ru/genre/Школьные-учебники-по-риторике;Школьные учебники по риторике;48
2;https://www.livelib.ru/genre/Школьные-учебники-по-русскому-языку;Школьные учебники по русскому языку;4812
2;https://www.livelib.ru/genre/Школьные-учебники-по-технологии;Школьные учебники по технологии;815
2;https://www.livelib.ru/genre/Школьные-учебники-по-физике;Школьные учебники по физике;1092
2;https://www.livelib.ru/genre/Школьные-учебники-по-физической-культуре;Школьные учебники по физической культуре;458
2;https://www.livelib.ru/genre/Школьные-учебники-по-французскому-языку;Школьные учебники по французскому языку;337
2;https://www.livelib.ru/genre/Школьные-учебники-по-химии;Школьные учебники по химии;825
2;https://www.livelib.ru/genre/Школьные-учебники-по-черчению;Школьные учебники по черчению;44
2;https://www.livelib.ru/genre/Школьные-учебники-по-экологии;Школьные учебники по экологии;12
2;https://www.livelib.ru/genre/Гиа-огэ-гвэ;ГИА (ОГЭ, ГВЭ);2455
2;https://www.livelib.ru/genre/Егэ;ЕГЭ;3517
2;https://www.livelib.ru/genre/Рабочие-тетради;Рабочие тетради;15
2;https://www.livelib.ru/genre/Список-школьной-литературы-10-11-класс;Список школьной литературы 10-11 класс;1
2;https://www.livelib.ru/genre/Список-школьной-литературы-7-8-класс;Список школьной литературы 7-8 класс;3
2;https://www.livelib.ru/genre/Учебники-1-класс;Учебники 1 класс;2298
2;https://www.livelib.ru/genre/Учебники-10-класс;Учебники 10 класс;17
2;https://www.livelib.ru/genre/Учебники-11-класс;Учебники 11 класс;16
2;https://www.livelib.ru/genre/Учебники-2-класс;Учебники 2 класс;2441
2;https://www.livelib.ru/genre/Учебники-3-класс;Учебники 3 класс;2162
2;https://www.livelib.ru/genre/Учебники-4-класс;Учебники 4 класс;2811
2;https://www.livelib.ru/genre/Учебники-5-класс;Учебники 5 класс;8
2;https://www.livelib.ru/genre/Учебники-6-класс;Учебники 6 класс;2
2;https://www.livelib.ru/genre/Учебники-7-класс;Учебники 7 класс;12
2;https://www.livelib.ru/genre/Учебники-8-класс;Учебники 8 класс;11
2;https://www.livelib.ru/genre/Учебники-9-класс;Учебники 9 класс;6
2;https://www.livelib.ru/genre/Учебные-программы;Учебные программы;1640
2;https://www.livelib.ru/genre/Школьные-методические-пособия;Школьные методические пособия;44114
2;https://www.livelib.ru/genre/Школьные-учебники-по-английскому-языку;Школьные учебники по английскому языку;2630
2;https://www.livelib.ru/genre/Школьные-учебники-по-биологии;Школьные учебники по биологии;976
2;https://www.livelib.ru/genre/Школьные-учебники-по-географии;Школьные учебники по географии;1107
2;https://www.livelib.ru/genre/Школьные-учебники-по-естествознанию;Школьные учебники по естествознанию;78
2;https://www.livelib.ru/genre/Школьные-учебники-по-изобразительному-искусству-изо;Школьные учебники по изобразительному искусству (ИЗО);461
2;https://www.livelib.ru/genre/Школьные-учебники-по-информатике;Школьные учебники по информатике;777
2;https://www.livelib.ru/genre/Школьные-учебники-по-истории;Школьные учебники по истории;1266
2;https://www.livelib.ru/genre/Школьные-учебники-по-литературе;Школьные учебники по литературе;993
2;https://www.livelib.ru/genre/Школьные-учебники-по-математике;Школьные учебники по математике;2075
2;https://www.livelib.ru/genre/Школьные-учебники-по-мировой-художественной-культуре-мхк;Школьные учебники по мировой художественной культуре (МХК);134
2;https://www.livelib.ru/genre/Школьные-учебники-по-музыке;Школьные учебники по музыке;1237
2;https://www.livelib.ru/genre/Школьные-учебники-по-немецкому-языку;Школьные учебники по немецкому языку;627
2;https://www.livelib.ru/genre/Школьные-учебники-по-обществознанию;Школьные учебники по обществознанию;999
2;https://www.livelib.ru/genre/Школьные-учебники-по-окружающему-миру;Школьные учебники по окружающему миру;291
2;https://www.livelib.ru/genre/Школьные-учебники-по-основам-безопасности-жизнедеятельности-обж;Школьные учебники по основам безопасности жизнедеятельности (ОБЖ);367
2;https://www.livelib.ru/genre/Школьные-учебники-по-правоведению;Школьные учебники по правоведению;326
2;https://www.livelib.ru/genre/Школьные-учебники-по-риторике;Школьные учебники по риторике;48
2;https://www.livelib.ru/genre/Школьные-учебники-по-русскому-языку;Школьные учебники по русскому языку;4812
2;https://www.livelib.ru/genre/Школьные-учебники-по-технологии;Школьные учебники по технологии;815
2;https://www.livelib.ru/genre/Школьные-учебники-по-физике;Школьные учебники по физике;1092
2;https://www.livelib.ru/genre/Школьные-учебники-по-физической-культуре;Школьные учебники по физической культуре;458
2;https://www.livelib.ru/genre/Школьные-учебники-по-французскому-языку;Школьные учебники по французскому языку;337
2;https://www.livelib.ru/genre/Школьные-учебники-по-химии;Школьные учебники по химии;825
2;https://www.livelib.ru/genre/Школьные-учебники-по-черчению;Школьные учебники по черчению;44
2;https://www.livelib.ru/genre/Школьные-учебники-по-экологии;Школьные учебники по экологии;12
1;https://www.livelib.ru/genre/Учебники-и-пособия-для-вузов;Учебники и пособия для вузов;370
0;https://www.livelib.ru/genre/Исторический-роман;Исторический роман;1283
0;https://www.livelib.ru/genre/Магический-реализм;Магический реализм;458
0;https://www.livelib.ru/genre/Реализм;Реализм;784
0;https://www.livelib.ru/genre/Историческая-проза;Историческая проза;18543
0;https://www.livelib.ru/genre/Артбуки;Артбуки;14
0;https://www.livelib.ru/genre/Притчи;Притчи;2
